SRR4342133_bins.1	{'marker lineage': 'k__Bacteria', '# genomes': 2993, '# markers': 147, '# marker sets': 91, '0': 22, '1': 123, '2': 2, '3': 0, '4': 0, '5+': 0, 'Completeness': 79.92007992007991, 'Contamination': 2.197802197802198, 'GC': 0.4133174734615565, 'GC std': 0.018867713166703423, 'Genome size': 1577146, '# ambiguous bases': 0, '# scaffolds': 237, '# contigs': 237, 'Longest scaffold': 34368, 'Longest contig': 34368, 'N50 (scaffolds)': 8623, 'N50 (contigs)': 8623, 'Mean scaffold length': 6654.62447257384, 'Mean contig length': 6654.62447257384, 'Coding density': 0.9542496382706483, 'Translation table': 11, '# predicted genes': 1637, 'GCN0': ['PF02699', 'TIGR02397', 'PF01245', 'PF00886', 'PF00573', 'PF13603', 'PF13932', 'PF02978', 'PF01668', 'TIGR01059', 'PF12631', 'PF00276', 'PF02096', 'TIGR01063', 'PF02768', 'PF10396', 'PF00338', 'TIGR00442', 'PF06071', 'TIGR00019', 'PF00297', 'PF01746'], 'GCN1': ['PF06418', 'TIGR03263', 'PF02367', 'TIGR00595', 'PF00687', 'PF00203', 'PF03485', 'PF04560', 'TIGR01951', 'PF00380', 'PF02130', 'PF00163', 'PF00237', 'TIGR01133', 'PF04983', 'PF00181', 'PF00627', 'PF03946', 'PF01795', 'PF00453', 'PF01330', 'PF02873', 'TIGR01085', 'TIGR00575', 'PF02410', 'PF01084', 'PF00829', 'PF00828', 'PF03947', 'PF00035', 'PF03948', 'PF02033', 'PF07497', 'PF05697', 'PF04561', 'TIGR02432', 'PF00684', 'PF00830', 'PF05491', 'TIGR00593', 'PF00750', 'PF07516', 'PF00466', 'PF05000', 'PF04565', 'PF02403', 'PF00344', 'TIGR00435', 'PF01193', 'TIGR00329', 'PF00673', 'PF13184', 'PF01195', 'PF00542', 'PF00562', 'PF00281', 'TIGR00064', 'TIGR00418', 'PF03147', 'TIGR03723', 'PF00623', 'TIGR00392', 'PF01386', 'PF00164', 'PF00831', 'PF01509', 'PF00252', 'TIGR00615', 'PF01765', 'PF00298', 'PF01196', 'PF03719', 'PF03484', 'PF04563', 'PF00411', 'PF03726', 'PF04997', 'PF08459', 'PF00238', 'PF00312', 'TIGR00460', 'PF00572', 'TIGR00422', 'TIGR01087', 'PF00861', 'PF00366', 'PF12344', 'PF01000', 'TIGR00445', 'TIGR02350', 'PF02938', 'PF04998', 'PF00471', 'TIGR02075', 'PF00333', 'PF00889', 'TIGR00020', 'TIGR01079', 'PF01409', 'PF10385', 'TIGR00755', 'PF00318', 'TIGR02012', 'PF01043', 'PF00177', 'PF01121', 'PF00410', 'PF01281', 'PF01649', 'PF11987', 'PF00253', 'PF00347', 'PF02912', 'TIGR00344', 'PF00189', 'PF02075', 'PF08529', 'PF01016', 'TIGR00922', 'PF00416', 'PF04760', 'PF06421', 'PF01250'], 'GCN2': ['TIGR03594', 'PF01018'], 'GCN3': [], 'GCN4': [], 'GCN5+': []}
SRR4342133_bins.12	{'marker lineage': 'o__Actinomycetales', '# genomes': 488, '# markers': 310, '# marker sets': 185, '0': 64, '1': 243, '2': 3, '3': 0, '4': 0, '5+': 0, 'Completeness': 77.35521235521236, 'Contamination': 1.6216216216216217, 'GC': 0.6144729705160831, 'GC std': 0.016724891831680973, 'Genome size': 1985591, '# ambiguous bases': 0, '# scaffolds': 310, '# contigs': 310, 'Longest scaffold': 45369, 'Longest contig': 45369, 'N50 (scaffolds)': 7805, 'N50 (contigs)': 7805, 'Mean scaffold length': 6405.1322580645165, 'Mean contig length': 6405.1322580645165, 'Coding density': 0.9158401705084279, 'Translation table': 11, '# predicted genes': 2098, 'GCN0': ['PF06144', 'PF00745', 'PF10150', 'TIGR00239', 'PF01171', 'TIGR01826', 'TIGR03539', 'PF10410', 'PF01795', 'TIGR03719', 'PF01472', 'PF01330', 'PF02699', 'PF11296', 'TIGR00656', 'PF02410', 'PF05201', 'PF11377', 'PF00762', 'PF00829', 'TIGR00539', 'TIGR01994', 'PF02686', 'TIGR00007', 'PF08148', 'PF03119', 'PF01668', 'TIGR01027', 'PF11349', 'PF09269', 'PF02132', 'TIGR00414', 'PF11241', 'PF12089', 'TIGR00416', 'PF00490', 'TIGR00064', 'PF00625', 'PF01192', 'TIGR00132', 'PF03118', 'PF01196', 'TIGR00355', 'PF08459', 'PF02637', 'PF10611', 'PF02938', 'PF01018', 'TIGR00979', 'PF02843', 'PF02934', 'PF06778', 'PF01409', 'PF11268', 'PF10298', 'PF04127', 'PF01649', 'PF02912', 'PF10739', 'PF01416', 'PF02650', 'PF02075', 'PF01016', 'PF06421'], 'GCN1': ['TIGR01083', 'PF04452', 'TIGR00643', 'PF02367', 'PF00687', 'PF13507', 'TIGR00436', 'PF09285', 'PF00203', 'TIGR01198', 'TIGR01981', 'PF03993', 'PF04560', 'TIGR01357', 'TIGR00382', 'TIGR01951', 'PF02224', 'TIGR00096', 'TIGR01919', 'PF00380', 'PF02130', 'PF00237', 'PF01687', 'PF02620', 'TIGR00611', 'PF04983', 'PF00181', 'TIGR01039', 'TIGR01203', 'PF00627', 'PF03946', 'TIGR01134', 'PF00453', 'TIGR00878', 'TIGR01855', 'TIGR01173', 'TIGR00234', 'PF04417', 'TIGR00670', 'TIGR02397', 'TIGR00049', 'PF01245', 'PF13829', 'PF13167', 'PF00828', 'PF06781', 'PF02542', 'TIGR00634', 'PF08207', 'PF00886', 'TIGR01978', 'PF03947', 'PF00119', 'TIGR00717', 'PF02601', 'PF10609', 'PF01725', 'PF02021', 'PF13742', 'PF12327', 'PF00573', 'PF00035', 'TIGR00343', 'PF03853', 'PF01632', 'PF03948', 'TIGR02727', 'PF01502', 'PF03602', 'TIGR01574', 'PF01131', 'PF11452', 'PF02033', 'PF13442', 'PF05697', 'PF13603', 'PF07499', 'TIGR03631', 'PF04561', 'TIGR00962', 'PF05491', 'PF01071', 'PF00475', 'TIGR00593', 'PF01743', 'TIGR00154', 'PF02978', 'TIGR00741', 'PF03840', 'PF00742', 'PF12502', 'TIGR02067', 'TIGR01258', 'PF00466', 'TIGR01394', 'PF04565', 'PF11253', 'TIGR00010', 'TIGR01059', 'PF00344', 'TIGR01966', 'PF01193', 'PF03054', 'PF02609', 'PF00308', 'PF02527', 'PF05258', 'TIGR00329', 'PF00673', 'PF13184', 'TIGR00855', 'TIGR03594', 'PF11967', 'PF00562', 'PF13288', 'TIGR01161', 'PF05698', 'PF00281', 'PF13368', 'TIGR03723', 'PF08299', 'PF00623', 'PF00276', 'TIGR01304', 'PF11305', 'TIGR00392', 'PF01386', 'PF00958', 'PF02576', 'PF00164', 'PF00091', 'PF00831', 'PF01509', 'PF09142', 'PF00252', 'PF01351', 'PF03652', 'TIGR00963', 'PF02631', 'PF08029', 'PF05173', 'PF01765', 'PF00231', 'PF00298', 'TIGR01510', 'PF00327', 'PF03719', 'PF03484', 'PF04563', 'PF00116', 'PF00411', 'PF09190', 'TIGR00186', 'PF03726', 'PF00988', 'PF10369', 'PF01939', 'PF04997', 'PF01709', 'PF00238', 'PF00312', 'TIGR01379', 'TIGR01366', 'PF00572', 'PF00213', 'TIGR00735', 'TIGR01087', 'PF00861', 'PF00366', 'PF12344', 'PF01000', 'PF00707', 'PF02787', 'PF01450', 'PF01628', 'TIGR01063', 'PF12005', 'PF01728', 'TIGR00112', 'PF04998', 'PF00584', 'TIGR02075', 'PF01264', 'TIGR01455', 'TIGR03188', 'PF01208', 'PF00333', 'PF00889', 'TIGR00020', 'TIGR01079', 'PF01288', 'TIGR00639', 'TIGR03317', 'TIGR01473', 'PF03710', 'TIGR00945', 'PF02823', 'PF01189', 'PF10385', 'PF00338', 'PF02844', 'PF12627', 'TIGR00755', 'PF01715', 'PF00318', 'TIGR02012', 'TIGR01934', 'PF01782', 'TIGR01980', 'TIGR00121', 'PF01132', 'PF00177', 'PF01121', 'TIGR00419', 'PF00410', 'TIGR01162', 'PF13393', 'PF01281', 'PF08704', 'PF03449', 'PF11987', 'PF06574', 'PF00347', 'TIGR00482', 'TIGR00344', 'PF02357', 'PF06071', 'PF01316', 'PF00189', 'TIGR03725', 'PF08529', 'TIGR02673', 'TIGR00019', 'PF00297', 'PF03461', 'PF00162', 'PF02152', 'PF02565', 'PF02591', 'PF09438', 'PF02670', 'PF08436', 'PF01250'], 'GCN2': ['PF00677', 'TIGR00093', 'TIGR01499'], 'GCN3': [], 'GCN4': [], 'GCN5+': []}
SRR4342133_bins.13	{'marker lineage': 'k__Bacteria', '# genomes': 5449, '# markers': 104, '# marker sets': 58, '0': 78, '1': 24, '2': 2, '3': 0, '4': 0, '5+': 0, 'Completeness': 37.93103448275862, 'Contamination': 3.4482758620689653, 'GC': 0.5877768692974344, 'GC std': 0.015320058676117024, 'Genome size': 952751, '# ambiguous bases': 0, '# scaffolds': 231, '# contigs': 231, 'Longest scaffold': 11956, 'Longest contig': 11956, 'N50 (scaffolds)': 4154, 'N50 (contigs)': 4154, 'Mean scaffold length': 4124.463203463203, 'Mean contig length': 4124.463203463203, 'Coding density': 0.9342682400753187, 'Translation table': 11, '# predicted genes': 1082, 'GCN0': ['TIGR00459', 'PF00281', 'PF02367', 'TIGR03723', 'PF00687', 'PF00623', 'PF00203', 'PF00276', 'PF04560', 'PF00164', 'PF00831', 'PF00252', 'PF02130', 'PF00237', 'TIGR00967', 'PF04983', 'PF00181', 'PF03946', 'PF00298', 'PF00453', 'PF01196', 'PF03719', 'PF03484', 'PF04563', 'PF00411', 'PF04997', 'PF08459', 'PF01245', 'PF00238', 'TIGR00460', 'PF00861', 'PF00366', 'PF12344', 'PF01000', 'PF00828', 'PF03947', 'PF01018', 'PF04998', 'TIGR02075', 'PF00333', 'PF00889', 'TIGR01079', 'PF00573', 'PF01632', 'PF01409', 'PF10385', 'PF00338', 'TIGR00250', 'TIGR00755', 'PF00318', 'PF05697', 'PF13603', 'PF04561', 'PF00177', 'PF01121', 'PF00410', 'PF05491', 'PF01649', 'PF00347', 'PF00466', 'PF05000', 'PF04565', 'PF02912', 'PF01668', 'TIGR00344', 'PF06071', 'PF01193', 'PF00189', 'TIGR00329', 'PF00673', 'TIGR00019', 'TIGR00855', 'PF00297', 'PF01746', 'PF00562', 'TIGR00922', 'PF00416', 'TIGR00084'], 'GCN1': ['TIGR03263', 'TIGR00392', 'TIGR00810', 'PF01509', 'TIGR00615', 'PF00380', 'PF01765', 'PF01795', 'PF00312', 'PF00572', 'PF00829', 'PF00886', 'PF03948', 'PF02033', 'TIGR02432', 'PF01281', 'PF02978', 'PF08529', 'PF13184', 'PF01195', 'PF00162', 'TIGR03594', 'PF01016', 'PF06421'], 'GCN2': ['PF11987', 'PF01250'], 'GCN3': [], 'GCN4': [], 'GCN5+': []}
SRR4342133_bins.10	{'marker lineage': 'o__Actinomycetales', '# genomes': 455, '# markers': 315, '# marker sets': 190, '0': 86, '1': 169, '2': 54, '3': 6, '4': 0, '5+': 0, 'Completeness': 68.30200501253132, 'Contamination': 19.083959899749374, 'GC': 0.6301102634361918, 'GC std': 0.01684206715710926, 'Genome size': 2367784, '# ambiguous bases': 0, '# scaffolds': 539, '# contigs': 539, 'Longest scaffold': 19766, 'Longest contig': 19766, 'N50 (scaffolds)': 4435, 'N50 (contigs)': 4435, 'Mean scaffold length': 4392.920222634509, 'Mean contig length': 4392.920222634509, 'Coding density': 0.9271208860267659, 'Translation table': 11, '# predicted genes': 2675, 'GCN0': ['TIGR01083', 'PF04452', 'TIGR00643', 'TIGR00436', 'TIGR01198', 'TIGR01981', 'TIGR00239', 'PF02130', 'TIGR01203', 'PF00627', 'PF08478', 'PF11296', 'TIGR00389', 'TIGR00049', 'PF01245', 'PF02410', 'PF05201', 'PF11377', 'PF13829', 'PF06781', 'PF00886', 'TIGR00717', 'TIGR01900', 'PF10609', 'TIGR00539', 'PF02021', 'PF01725', 'PF03948', 'PF01131', 'PF11452', 'PF05697', 'PF13603', 'PF07499', 'TIGR00154', 'TIGR00741', 'PF03840', 'PF00742', 'TIGR01258', 'PF11253', 'TIGR00010', 'TIGR01966', 'PF02609', 'PF02527', 'PF13184', 'PF02132', 'TIGR03594', 'PF11241', 'PF11967', 'PF05698', 'PF13368', 'PF01386', 'PF01351', 'PF02631', 'TIGR00355', 'PF09190', 'TIGR00186', 'PF10611', 'PF00312', 'TIGR01379', 'PF01628', 'TIGR01063', 'PF12005', 'PF01728', 'TIGR00979', 'PF01208', 'PF01288', 'TIGR01473', 'TIGR00368', 'PF00318', 'TIGR02012', 'TIGR01934', 'PF01782', 'PF14017', 'TIGR01980', 'TIGR00121', 'PF01121', 'TIGR00419', 'PF01281', 'PF03449', 'PF10739', 'TIGR02673', 'PF02152', 'PF02565', 'PF09438', 'PF06421', 'PF01250'], 'GCN1': ['PF00745', 'PF02367', 'PF10150', 'PF00687', 'PF13507', 'PF09285', 'PF00203', 'PF03993', 'PF04560', 'TIGR01357', 'TIGR00382', 'TIGR01951', 'PF02224', 'TIGR00096', 'TIGR01919', 'PF00237', 'TIGR01826', 'PF01687', 'PF02620', 'TIGR03539', 'PF04983', 'PF00181', 'PF10410', 'PF11238', 'PF03946', 'PF01795', 'TIGR03719', 'PF00453', 'TIGR01855', 'PF01472', 'TIGR01173', 'TIGR00234', 'PF02699', 'PF04417', 'TIGR00670', 'TIGR02397', 'TIGR00656', 'PF00762', 'PF00829', 'PF13167', 'PF00828', 'PF02542', 'PF08207', 'TIGR01978', 'PF03947', 'PF02601', 'PF13742', 'PF12327', 'PF00573', 'PF00035', 'PF01632', 'TIGR02727', 'PF03602', 'TIGR01574', 'TIGR01994', 'PF02033', 'PF13442', 'TIGR03631', 'PF04561', 'TIGR00007', 'TIGR01499', 'PF05491', 'PF01071', 'PF00475', 'TIGR00593', 'PF01743', 'PF02978', 'PF12502', 'TIGR02067', 'PF00466', 'PF04565', 'PF08148', 'PF03119', 'TIGR01059', 'PF02403', 'PF00673', 'TIGR00855', 'PF09269', 'PF12089', 'PF00562', 'TIGR01161', 'PF00490', 'PF00281', 'TIGR00064', 'PF09534', 'PF08299', 'PF00623', 'PF00276', 'TIGR01304', 'PF00958', 'PF02576', 'PF00091', 'PF00831', 'PF01509', 'PF09142', 'PF00252', 'PF01192', 'PF03652', 'TIGR00963', 'PF08029', 'PF00298', 'TIGR01510', 'PF00327', 'PF03719', 'PF04563', 'PF03726', 'PF10369', 'PF04997', 'PF08459', 'PF02637', 'PF00238', 'TIGR00735', 'PF00861', 'PF00366', 'PF12344', 'PF00707', 'PF02787', 'PF01450', 'TIGR00112', 'PF02938', 'PF01018', 'PF04998', 'PF00584', 'TIGR02075', 'TIGR00409', 'PF01264', 'TIGR03188', 'PF00333', 'PF00889', 'TIGR00191', 'TIGR00020', 'TIGR01079', 'PF02843', 'TIGR03317', 'PF03710', 'PF06778', 'PF01207', 'PF10385', 'PF00338', 'PF02844', 'PF12627', 'TIGR00755', 'PF01715', 'PF02545', 'PF11268', 'PF10298', 'PF01132', 'PF00410', 'TIGR01162', 'PF13393', 'PF04127', 'PF08704', 'PF11987', 'PF06574', 'PF00347', 'PF02912', 'TIGR00482', 'TIGR00344', 'PF01807', 'PF01416', 'PF02357', 'PF06071', 'PF01316', 'PF00189', 'PF08529', 'PF00162', 'PF02591', 'PF01016', 'PF02670'], 'GCN2': ['PF01171', 'PF00380', 'TIGR00611', 'TIGR01039', 'TIGR01134', 'TIGR00878', 'PF01330', 'PF00677', 'TIGR00634', 'PF00119', 'PF01502', 'TIGR00093', 'PF02686', 'TIGR01394', 'PF00344', 'TIGR01027', 'PF03054', 'PF05258', 'TIGR00416', 'PF13288', 'TIGR03723', 'PF00625', 'TIGR00086', 'PF11305', 'TIGR00392', 'PF02580', 'PF00164', 'TIGR00132', 'PF05173', 'PF01765', 'PF00231', 'PF01196', 'PF03484', 'PF00411', 'PF00988', 'PF01939', 'PF01709', 'TIGR01366', 'PF00572', 'TIGR01087', 'TIGR01455', 'TIGR00639', 'PF02934', 'TIGR00945', 'PF02823', 'PF01189', 'PF01409', 'PF00177', 'PF02075', 'TIGR03725', 'TIGR00019', 'PF00297', 'PF03461', 'PF08436'], 'GCN3': ['PF06144', 'TIGR00962', 'PF01193', 'PF00213', 'PF01000', 'PF01649'], 'GCN4': [], 'GCN5+': []}
SRR4342133_bins.16	{'marker lineage': 'k__Archaea', '# genomes': 207, '# markers': 149, '# marker sets': 107, '0': 137, '1': 12, '2': 0, '3': 0, '4': 0, '5+': 0, 'Completeness': 9.345794392523365, 'Contamination': 0.0, 'GC': 0.6289004673304113, 'GC std': 0.016538334972978703, 'Genome size': 275608, '# ambiguous bases': 0, '# scaffolds': 82, '# contigs': 82, 'Longest scaffold': 6690, 'Longest contig': 6690, 'N50 (scaffolds)': 3289, 'N50 (contigs)': 3289, 'Mean scaffold length': 3361.0731707317073, 'Mean contig length': 3361.0731707317073, 'Coding density': 0.9519426141476299, 'Translation table': 11, '# predicted genes': 294, 'GCN0': ['PF00281', 'PF08071', 'TIGR00336', 'PF02005', 'PF01922', 'PF06418', 'PF01667', 'PF01191', 'PF01982', 'PF01269', 'PF00623', 'PF00867', 'PF00276', 'PF00203', 'PF01984', 'TIGR00392', 'TIGR02338', 'PF00958', 'PF04560', 'PF04919', 'PF00164', 'TIGR01018', 'TIGR00468', 'PF00831', 'TIGR02153', 'PF01351', 'PF00380', 'PF01198', 'PF01092', 'PF00237', 'PF04567', 'PF01200', 'PF01192', 'PF04983', 'PF00181', 'TIGR01213', 'PF00327', 'PF00736', 'PF03719', 'PF03484', 'PF04563', 'TIGR00670', 'PF01201', 'TIGR00389', 'PF00411', 'PF00900', 'PF03874', 'PF06026', 'PF03764', 'TIGR03683', 'PF04997', 'PF01282', 'PF00238', 'PF01246', 'PF01780', 'TIGR00270', 'PF00572', 'TIGR03665', 'PF01194', 'TIGR00422', 'PF00861', 'PF00366', 'PF05221', 'PF01000', 'TIGR03679', 'PF00833', 'PF05746', 'TIGR00522', 'PF01866', 'TIGR00425', 'PF04566', 'PF05670', 'PF00827', 'PF00679', 'PF00935', 'PF00749', 'PF03947', 'PF01655', 'PF04019', 'PF00752', 'PF00333', 'PF03876', 'PF01725', 'PF01287', 'PF01864', 'PF01849', 'PF00573', 'PF01868', 'PF00832', 'PF01090', 'PF03950', 'TIGR00057', 'PF00318', 'PF09173', 'TIGR03677', 'PF04561', 'TIGR00432', 'PF01157', 'PF00177', 'TIGR00419', 'PF00410', 'PF01798', 'PF00750', 'PF04127', 'TIGR02389', 'PF11987', 'PF02978', 'PF01172', 'PF00347', 'PF09377', 'PF13685', 'PF05000', 'PF04565', 'PF01912', 'TIGR00442', 'TIGR01080', 'TIGR00344', 'PF08068', 'PF07541', 'PF01193', 'PF00189', 'TIGR03724', 'TIGR00289', 'PF01981', 'TIGR00408', 'TIGR00329', 'PF04010', 'PF00673', 'PF01015', 'PF00297', 'TIGR00549', 'PF01280', 'PF00562', 'PF00416', 'PF09249', 'PF13656', 'TIGR01046'], 'GCN1': ['TIGR00064', 'PF00687', 'PF00252', 'TIGR00134', 'PF03439', 'PF00298', 'PF08069', 'PF00312', 'TIGR03685', 'PF00466', 'PF00398', 'TIGR02076'], 'GCN2': [], 'GCN3': [], 'GCN4': [], 'GCN5+': []}
SRR4342133_bins.14	{'marker lineage': 'p__Proteobacteria', '# genomes': 1495, '# markers': 261, '# marker sets': 164, '0': 130, '1': 103, '2': 28, '3': 0, '4': 0, '5+': 0, 'Completeness': 54.200542005420054, 'Contamination': 12.059620596205962, 'GC': 0.39167041225884547, 'GC std': 0.014653688389248474, 'Genome size': 1203637, '# ambiguous bases': 0, '# scaffolds': 205, '# contigs': 205, 'Longest scaffold': 26337, 'Longest contig': 26337, 'N50 (scaffolds)': 6707, 'N50 (contigs)': 6707, 'Mean scaffold length': 5871.4, 'Mean contig length': 5871.4, 'Coding density': 0.9623042495370282, 'Translation table': 11, '# predicted genes': 1293, 'GCN0': ['PF02575', 'TIGR03346', 'TIGR03263', 'TIGR03533', 'PF00687', 'PF13507', 'PF00203', 'PF02773', 'PF03485', 'PF04560', 'TIGR01357', 'PF01808', 'PF02224', 'PF01255', 'PF01134', 'PF00163', 'PF00237', 'TIGR00065', 'TIGR01133', 'TIGR01145', 'PF04359', 'PF00627', 'PF03946', 'TIGR01134', 'PF01795', 'TIGR01854', 'TIGR01085', 'TIGR01750', 'PF05190', 'PF00828', 'TIGR00634', 'PF00886', 'TIGR01144', 'PF03900', 'PF00697', 'TIGR00717', 'TIGR02209', 'TIGR01082', 'TIGR00539', 'PF01985', 'PF07497', 'PF00438', 'PF04362', 'TIGR01499', 'PF00830', 'PF13932', 'TIGR00593', 'PF01071', 'PF00750', 'PF04977', 'PF02978', 'PF00466', 'TIGR01394', 'TIGR01059', 'PF00344', 'TIGR03598', 'PF02527', 'TIGR00329', 'PF12631', 'PF00673', 'TIGR00547', 'TIGR03594', 'TIGR00416', 'PF00281', 'TIGR00336', 'TIGR00064', 'TIGR03723', 'TIGR00406', 'PF08299', 'PF05188', 'TIGR00392', 'PF00958', 'PF00831', 'PF00252', 'TIGR02211', 'PF01192', 'PF01765', 'PF00298', 'PF00327', 'PF02767', 'PF01196', 'PF03719', 'TIGR00150', 'TIGR00186', 'PF00218', 'PF04997', 'PF02772', 'PF00238', 'TIGR00460', 'PF01624', 'PF04999', 'TIGR01087', 'PF00861', 'PF00366', 'PF01119', 'PF01379', 'TIGR00445', 'TIGR01063', 'PF02768', 'PF02938', 'PF02684', 'PF00471', 'PF00584', 'TIGR02075', 'TIGR00409', 'PF01264', 'PF00333', 'PF00889', 'TIGR00020', 'TIGR01079', 'PF02843', 'PF10396', 'PF02844', 'PF00318', 'PF01782', 'PF04386', 'PF00410', 'PF04127', 'PF00253', 'PF00347', 'PF00189', 'PF00712', 'PF02091', 'TIGR03725', 'PF00162', 'PF01746', 'TIGR00922', 'PF06421', 'PF02092', 'PF01250'], 'GCN1': ['PF06144', 'TIGR01083', 'TIGR00185', 'PF07517', 'PF00013', 'PF06418', 'TIGR00595', 'TIGR01951', 'PF02130', 'PF01687', 'PF02620', 'PF04983', 'PF00181', 'PF08478', 'PF00453', 'TIGR00878', 'PF01330', 'PF02699', 'PF02873', 'TIGR00575', 'PF01245', 'PF02410', 'PF01084', 'PF00829', 'PF03947', 'PF14450', 'PF03799', 'PF00573', 'PF00035', 'PF03948', 'PF03602', 'PF02033', 'PF05697', 'PF13603', 'TIGR02432', 'PF00684', 'TIGR03302', 'PF02547', 'PF05491', 'PF02590', 'PF07516', 'PF06835', 'PF05000', 'PF01668', 'PF00334', 'PF02403', 'PF13184', 'PF01195', 'PF00542', 'PF11967', 'PF07479', 'PF05698', 'PF02491', 'PF03147', 'PF00623', 'PF00276', 'PF01386', 'PF02576', 'PF00164', 'PF01509', 'PF01351', 'PF02096', 'PF01702', 'PF03652', 'TIGR01510', 'PF03484', 'TIGR00438', 'PF03726', 'PF08459', 'TIGR00422', 'TIGR02350', 'PF04998', 'TIGR02392', 'TIGR01455', 'TIGR03317', 'PF10458', 'PF01409', 'PF00338', 'PF01715', 'PF01043', 'PF01025', 'PF00177', 'PF01121', 'TIGR01143', 'PF01281', 'PF01649', 'PF11987', 'PF06574', 'PF02606', 'PF02912', 'TIGR00442', 'TIGR00344', 'PF01416', 'PF06071', 'PF02075', 'PF08529', 'TIGR00019', 'TIGR01302', 'PF00297', 'PF02565', 'PF01016', 'PF04760', 'PF01783'], 'GCN2': ['TIGR00436', 'PF00380', 'PF12169', 'TIGR01173', 'TIGR01406', 'PF02559', 'TIGR03284', 'PF07499', 'PF04561', 'PF04565', 'TIGR00544', 'TIGR00435', 'PF03054', 'PF02132', 'TIGR00041', 'PF00562', 'PF04563', 'PF09190', 'TIGR00668', 'PF00572', 'PF01018', 'TIGR00214', 'PF10385', 'TIGR00755', 'PF04390', 'TIGR00091', 'PF03461', 'PF01259'], 'GCN3': [], 'GCN4': [], 'GCN5+': []}
SRR4342133_bins.11	{'marker lineage': 'k__Bacteria', '# genomes': 2921, '# markers': 142, '# marker sets': 87, '0': 24, '1': 115, '2': 3, '3': 0, '4': 0, '5+': 0, 'Completeness': 78.87147335423198, 'Contamination': 2.8735632183908044, 'GC': 0.6198005196843992, 'GC std': 0.023384678928907332, 'Genome size': 3271601, '# ambiguous bases': 0, '# scaffolds': 570, '# contigs': 570, 'Longest scaffold': 30216, 'Longest contig': 30216, 'N50 (scaffolds)': 6650, 'N50 (contigs)': 6650, 'Mean scaffold length': 5739.650877192982, 'Mean contig length': 5739.650877192982, 'Coding density': 0.9062883890792306, 'Translation table': 11, '# predicted genes': 2990, 'GCN0': ['TIGR03263', 'TIGR00595', 'PF13184', 'TIGR00418', 'PF00164', 'PF00338', 'PF06071', 'PF00297', 'PF04760', 'TIGR01951', 'PF01330', 'TIGR01085', 'PF00573', 'PF02403', 'PF12631', 'TIGR00064', 'TIGR00392', 'PF02096', 'PF12344', 'PF02938', 'PF00177', 'PF11987', 'PF08529', 'TIGR00922'], 'GCN1': ['PF02367', 'PF00203', 'PF04560', 'PF00380', 'PF00237', 'PF04983', 'PF00627', 'PF03946', 'PF00453', 'TIGR00575', 'PF01084', 'PF02033', 'PF05697', 'PF13603', 'TIGR02432', 'PF13932', 'PF05491', 'PF00750', 'PF05000', 'PF04565', 'PF01668', 'PF01193', 'PF00673', 'PF01195', 'TIGR03594', 'PF03147', 'TIGR03723', 'PF00276', 'PF01386', 'PF00831', 'TIGR00615', 'PF01765', 'PF00298', 'PF01196', 'PF03484', 'PF04563', 'PF00411', 'PF03726', 'PF04997', 'PF01000', 'PF04998', 'TIGR02075', 'PF00889', 'TIGR00755', 'PF00318', 'TIGR02012', 'PF01121', 'PF01281', 'PF01649', 'PF06574', 'PF00253', 'TIGR00442', 'PF01746', 'PF01250', 'PF06418', 'PF00687', 'PF03485', 'PF02130', 'PF00163', 'PF00181', 'PF01795', 'PF02699', 'PF02873', 'TIGR02397', 'PF01245', 'PF02410', 'PF00829', 'PF00828', 'PF00886', 'PF03947', 'PF00035', 'PF03948', 'PF04561', 'PF00684', 'PF00830', 'TIGR00593', 'PF07516', 'PF02978', 'PF00466', 'TIGR01059', 'PF00344', 'TIGR00435', 'TIGR00329', 'PF00562', 'PF00281', 'PF00623', 'PF01509', 'PF00252', 'PF03652', 'PF03719', 'PF08459', 'PF00238', 'PF00312', 'TIGR00460', 'PF00572', 'PF00861', 'PF00366', 'TIGR01063', 'PF01018', 'PF00471', 'PF00333', 'TIGR00020', 'TIGR01079', 'PF01409', 'PF10385', 'PF00410', 'PF00347', 'PF02912', 'TIGR00344', 'PF00189', 'PF02075', 'TIGR00019', 'PF01016', 'PF00416', 'PF06421'], 'GCN2': ['TIGR02350', 'PF02768', 'PF01687'], 'GCN3': [], 'GCN4': [], 'GCN5+': []}
SRR4342133_bins.15	{'marker lineage': 'k__Bacteria', '# genomes': 2993, '# markers': 147, '# marker sets': 91, '0': 3, '1': 144, '2': 0, '3': 0, '4': 0, '5+': 0, 'Completeness': 96.7032967032967, 'Contamination': 0.0, 'GC': 0.4101423518406529, 'GC std': 0.017933314372081576, 'Genome size': 1729658, '# ambiguous bases': 0, '# scaffolds': 50, '# contigs': 50, 'Longest scaffold': 184978, 'Longest contig': 184978, 'N50 (scaffolds)': 50336, 'N50 (contigs)': 50336, 'Mean scaffold length': 34593.16, 'Mean contig length': 34593.16, 'Coding density': 0.9613212554158105, 'Translation table': 11, '# predicted genes': 1609, 'GCN0': ['TIGR01133', 'TIGR03594', 'TIGR00020'], 'GCN1': ['PF06418', 'TIGR03263', 'PF02367', 'TIGR00595', 'PF00687', 'PF00203', 'PF03485', 'PF04560', 'TIGR01951', 'PF00380', 'PF02130', 'PF00163', 'PF00237', 'PF04983', 'PF00181', 'PF00627', 'PF03946', 'PF01795', 'PF00453', 'PF01330', 'PF02699', 'PF02873', 'TIGR02397', 'TIGR01085', 'TIGR00575', 'PF01245', 'PF02410', 'PF01084', 'PF00829', 'PF00828', 'PF00886', 'PF03947', 'PF00573', 'PF00035', 'PF03948', 'PF02033', 'PF07497', 'PF05697', 'PF13603', 'PF04561', 'TIGR02432', 'PF00684', 'PF00830', 'PF13932', 'PF05491', 'TIGR00593', 'PF00750', 'PF07516', 'PF02978', 'PF00466', 'PF05000', 'PF04565', 'PF01668', 'TIGR01059', 'PF02403', 'PF00344', 'TIGR00435', 'PF01193', 'TIGR00329', 'PF12631', 'PF00673', 'PF13184', 'PF01195', 'PF00542', 'PF00562', 'PF00281', 'TIGR00064', 'TIGR00418', 'PF03147', 'TIGR03723', 'PF00623', 'PF00276', 'TIGR00392', 'PF01386', 'PF00164', 'PF00831', 'PF01509', 'PF00252', 'PF02096', 'TIGR00615', 'PF01765', 'PF00298', 'PF01196', 'PF03719', 'PF03484', 'PF04563', 'PF00411', 'PF03726', 'PF04997', 'PF08459', 'PF00238', 'PF00312', 'TIGR00460', 'PF00572', 'TIGR00422', 'TIGR01087', 'PF00861', 'PF00366', 'PF12344', 'PF01000', 'TIGR00445', 'TIGR01063', 'TIGR02350', 'PF02938', 'PF02768', 'PF01018', 'PF04998', 'PF00471', 'TIGR02075', 'PF00333', 'PF00889', 'TIGR01079', 'PF10396', 'PF01409', 'PF10385', 'PF00338', 'TIGR00755', 'PF00318', 'TIGR02012', 'PF01043', 'PF00177', 'PF01121', 'PF00410', 'PF01281', 'PF01649', 'PF11987', 'PF00253', 'PF00347', 'PF02912', 'TIGR00442', 'TIGR00344', 'PF06071', 'PF00189', 'PF02075', 'PF08529', 'TIGR00019', 'PF00297', 'PF01746', 'PF01016', 'TIGR00922', 'PF00416', 'PF04760', 'PF06421', 'PF01250'], 'GCN2': [], 'GCN3': [], 'GCN4': [], 'GCN5+': []}
SRR4342133_bins.18	{'marker lineage': 'p__Euryarchaeota', '# genomes': 148, '# markers': 188, '# marker sets': 125, '0': 61, '1': 123, '2': 4, '3': 0, '4': 0, '5+': 0, 'Completeness': 66.8, 'Contamination': 1.6, 'GC': 0.5448224843173931, 'GC std': 0.016059796098394245, 'Genome size': 1330136, '# ambiguous bases': 0, '# scaffolds': 53, '# contigs': 53, 'Longest scaffold': 104506, 'Longest contig': 104506, 'N50 (scaffolds)': 37997, 'N50 (contigs)': 37997, 'Mean scaffold length': 25096.905660377357, 'Mean contig length': 25096.905660377357, 'Coding density': 0.9375778115921981, 'Translation table': 11, '# predicted genes': 1156, 'GCN0': ['PF00867', 'TIGR02338', 'PF04560', 'PF01198', 'PF03684', 'PF04983', 'PF00181', 'PF03946', 'TIGR00389', 'PF03764', 'TIGR00270', 'TIGR01177', 'TIGR02237', 'PF01287', 'PF01849', 'PF00832', 'TIGR00537', 'PF01973', 'PF01180', 'TIGR00162', 'PF04561', 'TIGR02389', 'PF02978', 'PF01172', 'PF05000', 'PF04565', 'PF04472', 'TIGR00329', 'PF01015', 'PF00562', 'TIGR01211', 'PF01191', 'PF00623', 'PF01984', 'TIGR00928', 'PF00164', 'TIGR02153', 'PF01974', 'PF04567', 'PF04563', 'PF02649', 'PF08617', 'PF04997', 'PF01780', 'TIGR00422', 'TIGR03679', 'PF04566', 'PF00679', 'PF00752', 'TIGR00335', 'PF01090', 'PF09173', 'TIGR03677', 'PF00177', 'PF04127', 'PF11987', 'PF09377', 'PF13685', 'TIGR00289', 'TIGR00408', 'PF09249'], 'GCN1': ['PF01922', 'PF06418', 'PF01667', 'PF01269', 'PF00687', 'PF13507', 'PF00203', 'PF06093', 'PF01092', 'PF00237', 'PF01200', 'PF03439', 'PF01994', 'TIGR01134', 'PF02748', 'TIGR00878', 'TIGR00729', 'TIGR00234', 'TIGR00670', 'PF00900', 'PF06026', 'TIGR03683', 'PF01174', 'PF01282', 'PF05221', 'TIGR00327', 'TIGR00522', 'PF01866', 'TIGR03685', 'PF00935', 'PF00749', 'PF03947', 'PF01655', 'PF03876', 'PF01725', 'PF00573', 'PF04104', 'PF01868', 'TIGR00057', 'TIGR00111', 'TIGR00432', 'PF01157', 'TIGR00658', 'PF00750', 'PF00466', 'PF01912', 'PF00334', 'PF08068', 'PF01193', 'TIGR03724', 'PF04010', 'PF00673', 'TIGR01210', 'PF00281', 'PF08071', 'TIGR00336', 'TIGR03684', 'TIGR00064', 'PF01982', 'PF00276', 'TIGR00392', 'PF00958', 'PF04919', 'PF04032', 'TIGR01018', 'TIGR00468', 'PF00831', 'PF01509', 'PF01948', 'PF00252', 'PF01940', 'PF01967', 'PF01192', 'TIGR01736', 'TIGR00134', 'TIGR01213', 'PF00298', 'PF00327', 'PF00709', 'PF00736', 'PF03719', 'PF03484', 'PF01201', 'PF00411', 'PF03874', 'PF08069', 'PF00238', 'PF01246', 'PF00312', 'TIGR03665', 'PF00861', 'PF00366', 'PF01000', 'PF05746', 'PF05670', 'PF00827', 'PF04019', 'PF00333', 'PF01864', 'PF03950', 'PF02844', 'TIGR00755', 'PF00318', 'TIGR00419', 'PF00410', 'PF01798', 'TIGR01162', 'PF00347', 'TIGR00442', 'TIGR01080', 'TIGR00344', 'PF07541', 'PF01416', 'PF00189', 'PF03833', 'PF01981', 'TIGR02076', 'PF00297', 'TIGR00549', 'PF01280', 'PF00416', 'PF13656', 'TIGR01046'], 'GCN2': ['PF00380', 'PF02005', 'PF00572', 'PF01194'], 'GCN3': [], 'GCN4': [], 'GCN5+': []}
SRR4342133_bins.17	{'marker lineage': 'k__Bacteria', '# genomes': 5449, '# markers': 104, '# marker sets': 58, '0': 3, '1': 17, '2': 56, '3': 27, '4': 1, '5+': 0, 'Completeness': 94.82758620689656, 'Contamination': 95.43887147335424, 'GC': 0.5671196983738083, 'GC std': 0.019674035477064818, 'Genome size': 3938650, '# ambiguous bases': 0, '# scaffolds': 614, '# contigs': 614, 'Longest scaffold': 87077, 'Longest contig': 87077, 'N50 (scaffolds)': 7538, 'N50 (contigs)': 7538, 'Mean scaffold length': 6414.739413680782, 'Mean contig length': 6414.739413680782, 'Coding density': 0.9300163761694997, 'Translation table': 11, '# predicted genes': 4209, 'GCN0': ['TIGR00250', 'TIGR00755', 'TIGR00344'], 'GCN1': ['TIGR03263', 'TIGR03723', 'TIGR00392', 'TIGR00810', 'PF00380', 'PF01196', 'PF00572', 'PF01000', 'PF01632', 'PF03948', 'PF05697', 'PF01121', 'PF01281', 'PF01649', 'PF01193', 'TIGR00329', 'PF00162'], 'GCN2': ['PF00281', 'PF02367', 'PF00623', 'PF04560', 'PF00164', 'PF01509', 'TIGR00615', 'PF02130', 'TIGR00967', 'PF04983', 'PF01765', 'PF00453', 'PF03719', 'PF03484', 'PF00411', 'PF08459', 'PF00238', 'PF00312', 'PF00861', 'PF00829', 'PF12344', 'PF00828', 'PF01018', 'TIGR02075', 'PF00333', 'PF00889', 'TIGR01079', 'PF01409', 'PF10385', 'PF00338', 'PF00318', 'PF02033', 'PF13603', 'TIGR02432', 'PF00177', 'PF00410', 'PF05491', 'PF11987', 'PF00347', 'PF05000', 'PF04565', 'PF02912', 'PF01668', 'PF06071', 'PF08529', 'PF00673', 'TIGR00019', 'PF13184', 'PF01195', 'PF01016', 'PF00562', 'TIGR00922', 'PF00416', 'PF06421', 'TIGR00084', 'PF01250'], 'GCN3': ['TIGR00459', 'PF00687', 'PF00203', 'PF00276', 'PF00831', 'PF00252', 'PF00237', 'PF00181', 'PF03946', 'PF00298', 'PF01795', 'PF04563', 'PF04997', 'PF01245', 'TIGR00460', 'PF00366', 'PF00886', 'PF03947', 'PF04998', 'PF00573', 'PF04561', 'PF02978', 'PF00466', 'TIGR00855', 'PF00297', 'PF01746', 'TIGR03594'], 'GCN4': ['PF00189'], 'GCN5+': []}
SRR4342133_bins.19	{'marker lineage': 'k__Bacteria', '# genomes': 2258, '# markers': 190, '# marker sets': 119, '0': 87, '1': 103, '2': 0, '3': 0, '4': 0, '5+': 0, 'Completeness': 53.342670401493926, 'Contamination': 0.0, 'GC': 0.47443599569620903, 'GC std': 0.03130921451557234, 'Genome size': 1439661, '# ambiguous bases': 0, '# scaffolds': 378, '# contigs': 378, 'Longest scaffold': 15744, 'Longest contig': 15744, 'N50 (scaffolds)': 3796, 'N50 (contigs)': 3796, 'Mean scaffold length': 3808.626984126984, 'Mean contig length': 3808.626984126984, 'Coding density': 0.9139616895922026, 'Translation table': 11, '# predicted genes': 1587, 'GCN0': ['TIGR01083', 'TIGR03263', 'TIGR00595', 'PF04560', 'TIGR01951', 'PF02130', 'TIGR01133', 'PF01795', 'PF00453', 'PF01330', 'PF02873', 'TIGR01085', 'PF01084', 'PF00829', 'PF00828', 'PF02033', 'PF07497', 'PF07499', 'TIGR02432', 'TIGR03302', 'PF00830', 'PF13932', 'PF05491', 'TIGR00593', 'PF00750', 'PF01668', 'PF00334', 'TIGR01059', 'PF02403', 'PF00344', 'TIGR03598', 'TIGR00435', 'PF01193', 'PF12631', 'PF00673', 'PF13184', 'TIGR03594', 'TIGR00041', 'PF00281', 'TIGR00392', 'PF00831', 'PF01509', 'PF03652', 'TIGR00362', 'PF01196', 'PF03719', 'PF03484', 'PF00411', 'PF00238', 'TIGR00422', 'TIGR01087', 'PF00861', 'PF00366', 'PF01000', 'TIGR01063', 'PF02768', 'PF00471', 'TIGR00409', 'PF00333', 'TIGR00020', 'TIGR00214', 'TIGR01079', 'PF01409', 'TIGR00755', 'PF00177', 'PF01121', 'PF00410', 'TIGR01143', 'PF11987', 'PF00253', 'PF00347', 'PF02912', 'TIGR00442', 'TIGR00420', 'TIGR00344', 'PF06071', 'PF00712', 'PF02075', 'PF08529', 'TIGR01302', 'PF00297', 'PF01016', 'PF04760', 'PF06421', 'PF02092', 'PF01783', 'PF01250'], 'GCN1': ['PF02575', 'PF06418', 'TIGR00095', 'PF02367', 'PF00687', 'TIGR00436', 'PF00203', 'PF03485', 'PF02224', 'PF00380', 'PF00163', 'PF00237', 'PF01687', 'PF04983', 'PF00181', 'PF12169', 'TIGR01145', 'PF00627', 'PF03946', 'PF02699', 'TIGR00575', 'TIGR01750', 'PF01245', 'PF02410', 'PF05190', 'PF00886', 'PF03947', 'PF14450', 'PF00573', 'PF00035', 'TIGR02393', 'PF03948', 'PF05697', 'PF13603', 'PF04561', 'PF00684', 'TIGR01499', 'PF04977', 'PF07516', 'PF02978', 'PF00466', 'TIGR01394', 'PF05000', 'PF04565', 'PF02527', 'TIGR00329', 'PF01195', 'PF00542', 'PF11967', 'PF00562', 'PF05698', 'PF02491', 'TIGR00064', 'PF03147', 'TIGR03723', 'PF00623', 'PF00276', 'PF01386', 'PF02576', 'PF00164', 'PF00252', 'PF01351', 'PF02096', 'TIGR00615', 'PF01192', 'PF01765', 'PF00298', 'PF04563', 'TIGR00186', 'TIGR00438', 'PF03726', 'PF04997', 'PF08459', 'PF00312', 'TIGR00460', 'PF01624', 'PF00572', 'PF12344', 'PF01119', 'TIGR00445', 'PF02938', 'PF01018', 'PF04998', 'PF00584', 'TIGR02075', 'PF00889', 'PF10396', 'PF10385', 'PF00338', 'PF01715', 'PF00318', 'PF01782', 'PF01043', 'PF01281', 'PF01649', 'PF01416', 'PF00189', 'PF02091', 'TIGR03725', 'TIGR00019', 'PF01746', 'PF02565', 'TIGR00922'], 'GCN2': [], 'GCN3': [], 'GCN4': [], 'GCN5+': []}
SRR4342133_bins.20	{'marker lineage': 'k__Bacteria', '# genomes': 5449, '# markers': 104, '# marker sets': 58, '0': 88, '1': 16, '2': 0, '3': 0, '4': 0, '5+': 0, 'Completeness': 16.15987460815047, 'Contamination': 0.0, 'GC': 0.5785412439168226, 'GC std': 0.013790774146855875, 'Genome size': 961463, '# ambiguous bases': 0, '# scaffolds': 247, '# contigs': 247, 'Longest scaffold': 13511, 'Longest contig': 13511, 'N50 (scaffolds)': 3756, 'N50 (contigs)': 3756, 'Mean scaffold length': 3892.5627530364372, 'Mean contig length': 3892.5627530364372, 'Coding density': 0.9339932997941679, 'Translation table': 11, '# predicted genes': 1027, 'GCN0': ['PF00281', 'PF02367', 'TIGR03723', 'PF00687', 'PF00623', 'PF00203', 'PF00276', 'TIGR00810', 'PF04560', 'PF00831', 'PF01509', 'PF00252', 'PF00380', 'PF02130', 'PF00237', 'TIGR00967', 'PF00181', 'PF01765', 'PF03946', 'PF00298', 'PF01795', 'PF00453', 'PF03719', 'PF03484', 'PF04563', 'PF00411', 'PF04997', 'PF08459', 'PF01245', 'PF00238', 'PF00312', 'PF00572', 'PF00861', 'PF00829', 'PF00366', 'PF12344', 'PF00828', 'PF00886', 'PF03947', 'PF01018', 'TIGR02075', 'PF00333', 'PF00889', 'TIGR01079', 'PF00573', 'PF01632', 'PF01409', 'PF10385', 'PF00338', 'TIGR00755', 'PF00318', 'PF02033', 'PF05697', 'PF04561', 'TIGR02432', 'PF00177', 'PF01121', 'PF00410', 'PF05491', 'PF01649', 'PF11987', 'PF02978', 'PF00347', 'PF00466', 'PF04565', 'PF02912', 'PF01668', 'TIGR00344', 'PF06071', 'PF00189', 'PF08529', 'TIGR00329', 'PF00673', 'TIGR00019', 'PF13184', 'TIGR00855', 'PF01195', 'PF00297', 'PF00162', 'PF01746', 'TIGR03594', 'PF01016', 'PF00562', 'TIGR00922', 'PF00416', 'PF06421', 'TIGR00084', 'PF01250'], 'GCN1': ['TIGR00459', 'TIGR03263', 'TIGR00392', 'PF00164', 'TIGR00615', 'PF04983', 'PF01196', 'TIGR00460', 'PF01000', 'PF04998', 'PF03948', 'TIGR00250', 'PF13603', 'PF01281', 'PF05000', 'PF01193'], 'GCN2': [], 'GCN3': [], 'GCN4': [], 'GCN5+': []}
SRR4342133_bins.3	{'marker lineage': 'k__Bacteria', '# genomes': 5449, '# markers': 104, '# marker sets': 58, '0': 74, '1': 30, '2': 0, '3': 0, '4': 0, '5+': 0, 'Completeness': 26.959247648902824, 'Contamination': 0.0, 'GC': 0.7109595233807331, 'GC std': 0.01776837341757223, 'Genome size': 272083, '# ambiguous bases': 0, '# scaffolds': 81, '# contigs': 81, 'Longest scaffold': 6278, 'Longest contig': 6278, 'N50 (scaffolds)': 3257, 'N50 (contigs)': 3257, 'Mean scaffold length': 3359.0493827160494, 'Mean contig length': 3359.0493827160494, 'Coding density': 0.9511656369563699, 'Translation table': 11, '# predicted genes': 355, 'GCN0': ['PF00281', 'TIGR03263', 'PF02367', 'TIGR03723', 'PF00687', 'PF00203', 'PF00276', 'TIGR00392', 'PF00164', 'PF00831', 'PF01509', 'PF00252', 'TIGR00615', 'PF00237', 'TIGR00967', 'PF00181', 'PF01765', 'PF03946', 'PF00298', 'PF01795', 'PF00453', 'PF03719', 'PF03484', 'PF04563', 'PF08459', 'PF01245', 'PF00238', 'PF00312', 'PF00861', 'PF00366', 'PF12344', 'PF00828', 'PF00886', 'PF03947', 'TIGR02075', 'PF00333', 'TIGR01079', 'PF00573', 'PF01632', 'PF01409', 'PF10385', 'TIGR00250', 'TIGR00755', 'PF02033', 'PF13603', 'PF04561', 'TIGR02432', 'PF00177', 'PF01121', 'PF00410', 'PF05491', 'PF01649', 'PF11987', 'PF02978', 'PF00347', 'PF00466', 'PF04565', 'PF02912', 'PF01668', 'TIGR00344', 'PF00189', 'PF08529', 'TIGR00329', 'PF00673', 'TIGR00019', 'PF13184', 'TIGR00855', 'PF00297', 'PF00162', 'PF01746', 'TIGR00922', 'PF06421', 'TIGR00084', 'PF01250'], 'GCN1': ['TIGR00459', 'PF00623', 'TIGR00810', 'PF04560', 'PF00380', 'PF02130', 'PF04983', 'PF01196', 'PF00411', 'PF04997', 'TIGR00460', 'PF00572', 'PF00829', 'PF01000', 'PF01018', 'PF04998', 'PF00889', 'PF03948', 'PF00338', 'PF00318', 'PF05697', 'PF01281', 'PF05000', 'PF06071', 'PF01193', 'PF01195', 'TIGR03594', 'PF01016', 'PF00562', 'PF00416'], 'GCN2': [], 'GCN3': [], 'GCN4': [], 'GCN5+': []}
SRR4342133_bins.2	{'marker lineage': 'k__Bacteria', '# genomes': 2993, '# markers': 147, '# marker sets': 91, '0': 38, '1': 109, '2': 0, '3': 0, '4': 0, '5+': 0, 'Completeness': 75.06121329650742, 'Contamination': 0.0, 'GC': 0.48849427803210327, 'GC std': 0.014459015815279256, 'Genome size': 2112123, '# ambiguous bases': 0, '# scaffolds': 341, '# contigs': 341, 'Longest scaffold': 36265, 'Longest contig': 36265, 'N50 (scaffolds)': 6847, 'N50 (contigs)': 6847, 'Mean scaffold length': 6193.909090909091, 'Mean contig length': 6193.909090909091, 'Coding density': 0.9272902193669592, 'Translation table': 11, '# predicted genes': 2077, 'GCN0': ['PF02367', 'TIGR01133', 'PF01795', 'PF00453', 'PF02699', 'PF02873', 'TIGR01085', 'PF00035', 'PF02033', 'PF13603', 'PF00684', 'PF00673', 'PF13184', 'PF00281', 'TIGR00418', 'TIGR03723', 'PF00831', 'PF01509', 'PF00252', 'PF01765', 'PF03719', 'PF00238', 'TIGR00460', 'PF00861', 'PF00366', 'TIGR02350', 'PF00471', 'TIGR02075', 'PF00333', 'PF00889', 'TIGR00020', 'TIGR01079', 'PF00410', 'PF11987', 'PF00253', 'PF00347', 'PF08529', 'PF04760'], 'GCN1': ['PF06418', 'TIGR03263', 'TIGR00595', 'PF00687', 'PF00203', 'PF03485', 'PF04560', 'TIGR01951', 'PF00380', 'PF02130', 'PF00163', 'PF00237', 'PF04983', 'PF00181', 'PF00627', 'PF03946', 'PF01330', 'TIGR02397', 'TIGR00575', 'PF01245', 'PF02410', 'PF01084', 'PF00829', 'PF00828', 'PF00886', 'PF03947', 'PF00573', 'PF03948', 'PF07497', 'PF05697', 'PF04561', 'TIGR02432', 'PF00830', 'PF13932', 'PF05491', 'TIGR00593', 'PF00750', 'PF07516', 'PF02978', 'PF00466', 'PF05000', 'PF04565', 'PF01668', 'TIGR01059', 'PF02403', 'PF00344', 'TIGR00435', 'PF01193', 'TIGR00329', 'PF12631', 'PF01195', 'PF00542', 'TIGR03594', 'PF00562', 'TIGR00064', 'PF03147', 'PF00623', 'PF00276', 'TIGR00392', 'PF01386', 'PF00164', 'PF02096', 'TIGR00615', 'PF00298', 'PF01196', 'PF03484', 'PF04563', 'PF00411', 'PF03726', 'PF04997', 'PF08459', 'PF00312', 'PF00572', 'TIGR00422', 'TIGR01087', 'PF12344', 'PF01000', 'TIGR00445', 'TIGR01063', 'PF02938', 'PF02768', 'PF01018', 'PF04998', 'PF10396', 'PF01409', 'PF10385', 'PF00338', 'TIGR00755', 'PF00318', 'TIGR02012', 'PF01043', 'PF00177', 'PF01121', 'PF01281', 'PF01649', 'PF02912', 'TIGR00442', 'TIGR00344', 'PF06071', 'PF00189', 'PF02075', 'TIGR00019', 'PF00297', 'PF01746', 'PF01016', 'TIGR00922', 'PF00416', 'PF06421', 'PF01250'], 'GCN2': [], 'GCN3': [], 'GCN4': [], 'GCN5+': []}
SRR4342133_bins.21	{'marker lineage': 'p__Euryarchaeota', '# genomes': 148, '# markers': 188, '# marker sets': 125, '0': 110, '1': 74, '2': 4, '3': 0, '4': 0, '5+': 0, 'Completeness': 38.71773279352227, 'Contamination': 2.0421052631578944, 'GC': 0.4489238974127618, 'GC std': 0.02224181617203301, 'Genome size': 993028, '# ambiguous bases': 0, '# scaffolds': 217, '# contigs': 217, 'Longest scaffold': 18693, 'Longest contig': 18693, 'N50 (scaffolds)': 4634, 'N50 (contigs)': 4634, 'Mean scaffold length': 4576.165898617512, 'Mean contig length': 4576.165898617512, 'Coding density': 0.9479581643216506, 'Translation table': 11, '# predicted genes': 1002, 'GCN0': ['PF01922', 'PF06418', 'PF01667', 'PF01269', 'PF00687', 'PF00867', 'PF00203', 'PF06093', 'TIGR02338', 'PF00380', 'PF03684', 'PF01092', 'PF03439', 'PF04983', 'PF00181', 'PF03946', 'TIGR01134', 'PF02748', 'TIGR00234', 'TIGR00670', 'PF03764', 'PF01174', 'PF01282', 'TIGR01177', 'TIGR00327', 'TIGR02237', 'PF01866', 'TIGR03685', 'PF00935', 'PF03947', 'PF03876', 'PF01725', 'PF01287', 'PF01849', 'PF00573', 'PF00832', 'TIGR00537', 'PF01973', 'PF01180', 'TIGR00162', 'TIGR00111', 'PF04561', 'TIGR00432', 'TIGR00658', 'TIGR02389', 'PF02978', 'PF01172', 'PF00466', 'PF05000', 'PF04565', 'PF01912', 'PF00334', 'TIGR03724', 'TIGR01210', 'TIGR01211', 'TIGR03684', 'TIGR00064', 'PF01191', 'PF00276', 'PF01984', 'TIGR00392', 'TIGR00928', 'PF00164', 'PF01948', 'TIGR02153', 'PF00252', 'PF04567', 'PF01967', 'TIGR01736', 'TIGR00134', 'PF00298', 'PF00327', 'PF00736', 'PF03719', 'PF03484', 'PF04563', 'PF02649', 'PF01201', 'PF08617', 'PF00572', 'TIGR03665', 'PF01194', 'TIGR00422', 'PF00861', 'TIGR03679', 'PF04566', 'PF05670', 'PF00827', 'PF00679', 'PF00752', 'PF00333', 'TIGR00335', 'PF01864', 'PF02844', 'PF00318', 'PF09173', 'TIGR03677', 'PF00177', 'TIGR00419', 'PF11987', 'PF09377', 'PF13685', 'TIGR00442', 'PF07541', 'TIGR00289', 'PF01981', 'PF00297', 'PF00416', 'PF09249', 'TIGR01046'], 'GCN1': ['PF13507', 'PF04560', 'PF00237', 'PF01200', 'PF01994', 'TIGR00878', 'TIGR00729', 'TIGR00389', 'PF00900', 'PF06026', 'TIGR03683', 'TIGR00270', 'PF05221', 'TIGR00522', 'PF00749', 'PF01655', 'PF04104', 'PF01868', 'TIGR00057', 'PF01157', 'PF00750', 'PF04472', 'PF08068', 'PF01193', 'PF04010', 'PF00673', 'PF01015', 'PF00562', 'PF00281', 'TIGR00336', 'PF02005', 'PF01982', 'PF00623', 'PF00958', 'PF04919', 'PF04032', 'TIGR01018', 'TIGR00468', 'PF00831', 'PF01509', 'PF01974', 'PF01940', 'PF01192', 'TIGR01213', 'PF00411', 'PF03874', 'PF08069', 'PF04997', 'PF00238', 'PF01246', 'PF00312', 'PF01780', 'PF00366', 'PF01000', 'PF05746', 'PF04019', 'PF01090', 'PF03950', 'TIGR00755', 'PF00410', 'PF01798', 'TIGR01162', 'PF04127', 'PF00347', 'TIGR01080', 'TIGR00344', 'PF01416', 'PF00189', 'PF03833', 'TIGR00408', 'TIGR02076', 'TIGR00549', 'PF01280', 'PF13656'], 'GCN2': ['PF01198', 'TIGR00329', 'PF08071', 'PF00709'], 'GCN3': [], 'GCN4': [], 'GCN5+': []}
SRR4342133_bins.4	{'marker lineage': 'k__Bacteria', '# genomes': 2258, '# markers': 188, '# marker sets': 117, '0': 88, '1': 82, '2': 17, '3': 1, '4': 0, '5+': 0, 'Completeness': 52.5866571699905, 'Contamination': 9.686609686609685, 'GC': 0.44035470399316023, 'GC std': 0.021480815565574737, 'Genome size': 1094772, '# ambiguous bases': 0, '# scaffolds': 293, '# contigs': 293, 'Longest scaffold': 15948, 'Longest contig': 15948, 'N50 (scaffolds)': 3549, 'N50 (contigs)': 3549, 'Mean scaffold length': 3736.4232081911264, 'Mean contig length': 3736.4232081911264, 'Coding density': 0.9128695289978187, 'Translation table': 11, '# predicted genes': 1207, 'GCN0': ['PF02575', 'PF06418', 'TIGR00095', 'PF00687', 'TIGR00436', 'PF00203', 'PF03485', 'TIGR01951', 'PF01687', 'PF00181', 'PF03946', 'PF01795', 'PF00453', 'PF02699', 'TIGR01085', 'TIGR00575', 'PF01245', 'PF01084', 'PF05190', 'PF03947', 'PF00573', 'PF00035', 'PF03948', 'PF02033', 'PF07497', 'PF05697', 'TIGR02432', 'PF00684', 'TIGR01499', 'PF00830', 'PF05491', 'TIGR00593', 'PF00750', 'TIGR01394', 'PF01668', 'TIGR01059', 'TIGR03598', 'TIGR00329', 'PF12631', 'PF13184', 'PF11967', 'TIGR00064', 'TIGR03723', 'PF00276', 'TIGR00392', 'PF00164', 'PF01509', 'PF02096', 'PF01192', 'PF03652', 'PF00298', 'TIGR00362', 'PF03719', 'PF03726', 'PF00312', 'TIGR00422', 'PF00861', 'PF01119', 'TIGR00445', 'PF00471', 'PF00584', 'PF00333', 'TIGR00214', 'PF10396', 'PF01409', 'PF00338', 'PF01715', 'PF00177', 'PF01121', 'TIGR01143', 'PF01281', 'PF11987', 'PF00253', 'PF00347', 'PF02912', 'TIGR00442', 'TIGR00420', 'TIGR00344', 'PF01416', 'TIGR03725', 'PF08529', 'TIGR01302', 'PF00297', 'PF01746', 'PF02565', 'TIGR00922', 'PF04760', 'PF01250'], 'GCN1': ['TIGR01083', 'TIGR03263', 'PF02367', 'TIGR00595', 'PF02224', 'PF00380', 'PF02130', 'PF00163', 'PF00237', 'TIGR01133', 'PF04983', 'TIGR01145', 'PF01330', 'PF02873', 'PF02410', 'PF00829', 'PF00828', 'PF00886', 'PF14450', 'TIGR02393', 'PF13603', 'PF07499', 'TIGR03302', 'PF04977', 'PF07516', 'PF02978', 'PF00466', 'PF05000', 'PF00334', 'PF02403', 'PF00344', 'TIGR00435', 'PF01193', 'PF02527', 'PF00673', 'PF01195', 'PF00542', 'TIGR03594', 'TIGR00041', 'PF05698', 'PF00281', 'PF02491', 'PF03147', 'PF00623', 'PF01386', 'PF02576', 'PF00831', 'PF00252', 'PF01351', 'TIGR00615', 'PF01196', 'PF03484', 'PF00411', 'PF04997', 'PF08459', 'PF00238', 'TIGR00460', 'PF01624', 'PF00572', 'TIGR01087', 'PF12344', 'PF00366', 'PF01000', 'TIGR01063', 'PF02768', 'PF01018', 'PF04998', 'TIGR00020', 'TIGR01079', 'TIGR00755', 'PF01782', 'PF01043', 'PF00410', 'PF01649', 'PF06071', 'PF00189', 'PF00712', 'PF02075', 'TIGR00019', 'PF01016', 'PF06421', 'PF01783'], 'GCN2': ['PF04560', 'PF12169', 'PF00627', 'TIGR01750', 'PF04561', 'PF13932', 'PF04565', 'PF00562', 'PF01765', 'PF04563', 'TIGR02075', 'TIGR00409', 'PF00889', 'PF10385', 'PF00318', 'PF02091', 'PF02092'], 'GCN3': ['TIGR00186'], 'GCN4': [], 'GCN5+': []}
SRR4342133_bins.6	{'marker lineage': 'k__Bacteria', '# genomes': 2258, '# markers': 188, '# marker sets': 117, '0': 20, '1': 165, '2': 3, '3': 0, '4': 0, '5+': 0, 'Completeness': 85.36918328584994, 'Contamination': 1.4957264957264957, 'GC': 0.45735565955918, 'GC std': 0.025024831359720008, 'Genome size': 2588585, '# ambiguous bases': 0, '# scaffolds': 333, '# contigs': 333, 'Longest scaffold': 46788, 'Longest contig': 46788, 'N50 (scaffolds)': 10010, 'N50 (contigs)': 10010, 'Mean scaffold length': 7773.528528528528, 'Mean contig length': 7773.528528528528, 'Coding density': 0.8922372647604773, 'Translation table': 11, '# predicted genes': 2526, 'GCN0': ['PF02575', 'TIGR03263', 'TIGR00095', 'TIGR00436', 'PF01687', 'PF12169', 'PF02410', 'PF00829', 'PF00035', 'PF00684', 'TIGR01394', 'PF03652', 'TIGR00460', 'PF01018', 'PF00471', 'PF00584', 'TIGR00214', 'PF00253', 'TIGR00420', 'PF01016'], 'GCN1': ['TIGR01083', 'PF06418', 'PF02367', 'TIGR00595', 'PF00687', 'PF00203', 'PF03485', 'PF04560', 'TIGR01951', 'PF02224', 'PF00380', 'PF02130', 'PF00163', 'PF00237', 'TIGR01133', 'PF04983', 'PF00181', 'TIGR01145', 'PF00627', 'PF03946', 'PF01795', 'PF00453', 'PF01330', 'PF02699', 'PF02873', 'TIGR01085', 'TIGR00575', 'TIGR01750', 'PF01245', 'PF01084', 'PF05190', 'PF00828', 'PF00886', 'PF03947', 'PF14450', 'PF00573', 'TIGR02393', 'PF02033', 'PF07497', 'PF05697', 'PF13603', 'PF07499', 'PF04561', 'TIGR02432', 'TIGR03302', 'TIGR01499', 'PF00830', 'PF13932', 'PF05491', 'TIGR00593', 'PF00750', 'PF04977', 'PF07516', 'PF02978', 'PF00466', 'PF05000', 'PF04565', 'PF01668', 'PF00334', 'TIGR01059', 'PF02403', 'PF00344', 'TIGR03598', 'TIGR00435', 'PF01193', 'PF02527', 'TIGR00329', 'PF12631', 'PF00673', 'PF13184', 'PF01195', 'PF00542', 'TIGR03594', 'PF11967', 'TIGR00041', 'PF00562', 'PF00281', 'PF02491', 'TIGR00064', 'PF03147', 'TIGR03723', 'PF00623', 'PF00276', 'TIGR00392', 'PF01386', 'PF02576', 'PF00164', 'PF00831', 'PF01509', 'PF00252', 'PF01351', 'TIGR00615', 'PF02096', 'PF01192', 'PF01765', 'PF00298', 'TIGR00362', 'PF01196', 'PF03719', 'PF03484', 'PF04563', 'PF00411', 'PF03726', 'PF04997', 'PF08459', 'PF00238', 'PF00312', 'PF01624', 'PF00572', 'TIGR00422', 'TIGR01087', 'PF00861', 'PF12344', 'PF00366', 'PF01119', 'PF01000', 'TIGR00445', 'TIGR01063', 'PF02768', 'PF04998', 'TIGR02075', 'TIGR00409', 'PF00333', 'PF00889', 'TIGR00020', 'TIGR01079', 'PF10396', 'PF01409', 'PF10385', 'PF00338', 'TIGR00755', 'PF01715', 'PF00318', 'PF01782', 'PF01043', 'PF00177', 'PF01121', 'PF00410', 'TIGR01143', 'PF01281', 'PF01649', 'PF11987', 'PF00347', 'PF02912', 'TIGR00442', 'TIGR00344', 'PF01416', 'PF06071', 'PF00189', 'PF00712', 'PF02075', 'PF02091', 'TIGR03725', 'PF08529', 'TIGR00019', 'TIGR01302', 'PF00297', 'PF01746', 'PF02565', 'TIGR00922', 'PF04760', 'PF06421', 'PF02092', 'PF01783', 'PF01250'], 'GCN2': ['PF03948', 'PF05698', 'TIGR00186'], 'GCN3': [], 'GCN4': [], 'GCN5+': []}
SRR4342133_bins.7	{'marker lineage': 'k__Bacteria', '# genomes': 5449, '# markers': 99, '# marker sets': 53, '0': 0, '1': 2, '2': 5, '3': 14, '4': 28, '5+': 50, 'Completeness': 100.0, 'Contamination': 323.99085191538023, 'GC': 0.3327141987530061, 'GC std': 0.03254773495535969, 'Genome size': 6663064, '# ambiguous bases': 0, '# scaffolds': 1411, '# contigs': 1411, 'Longest scaffold': 32134, 'Longest contig': 32134, 'N50 (scaffolds)': 4888, 'N50 (contigs)': 4888, 'Mean scaffold length': 4722.228206945429, 'Mean contig length': 4722.228206945429, 'Coding density': 0.9574809727176566, 'Translation table': 11, '# predicted genes': 8190, 'GCN0': [], 'GCN1': ['PF01649', 'PF02978'], 'GCN2': ['PF01196', 'TIGR02432', 'PF02912', 'PF06421', 'PF01250'], 'GCN3': ['PF02367', 'TIGR00615', 'PF04983', 'PF01795', 'PF00411', 'PF01000', 'PF00886', 'PF03948', 'PF05697', 'PF01121', 'PF01281', 'TIGR00344', 'PF01193', 'PF01746'], 'GCN4': ['TIGR03723', 'PF00164', 'PF00380', 'PF00453', 'PF03719', 'PF04563', 'PF01245', 'PF00312', 'PF00572', 'PF00861', 'PF00829', 'PF12344', 'PF01018', 'PF00333', 'PF01632', 'PF10385', 'PF00338', 'TIGR00755', 'PF02033', 'PF04561', 'PF00177', 'PF05000', 'PF04565', 'PF08529', 'PF13184', 'TIGR00855', 'PF01016', 'TIGR00922'], 'GCN5+': ['TIGR00459', 'PF00281', 'TIGR03263', 'PF00687', 'PF00623', 'PF00203', 'PF00276', 'TIGR00392', 'TIGR00810', 'PF04560', 'PF00831', 'PF00252', 'PF02130', 'PF00237', 'TIGR00967', 'PF00181', 'PF01765', 'PF03946', 'PF00298', 'PF03484', 'PF04997', 'PF08459', 'PF00238', 'TIGR00460', 'PF00366', 'PF00828', 'PF03947', 'PF04998', 'PF00889', 'TIGR01079', 'PF00573', 'PF01409', 'TIGR00250', 'PF00318', 'PF13603', 'PF00410', 'PF11987', 'PF00347', 'PF00466', 'PF01668', 'PF06071', 'PF00189', 'TIGR00329', 'PF00673', 'TIGR00019', 'PF01195', 'PF00297', 'PF00162', 'PF00562', 'PF00416']}
SRR4342133_bins.9	{'marker lineage': 'k__Archaea', '# genomes': 207, '# markers': 145, '# marker sets': 103, '0': 15, '1': 25, '2': 24, '3': 49, '4': 21, '5+': 11, 'Completeness': 86.89320388349515, 'Contamination': 154.54941498630816, 'GC': 0.3443086437619177, 'GC std': 0.015474017822392867, 'Genome size': 3759104, '# ambiguous bases': 0, '# scaffolds': 735, '# contigs': 735, 'Longest scaffold': 67029, 'Longest contig': 67029, 'N50 (scaffolds)': 5270, 'N50 (contigs)': 5270, 'Mean scaffold length': 5114.427210884353, 'Mean contig length': 5114.427210884353, 'Coding density': 0.9270882103820485, 'Translation table': 11, '# predicted genes': 4983, 'GCN0': ['PF01667', 'PF00252', 'PF01092', 'PF00181', 'TIGR03665', 'PF01866', 'PF00935', 'PF01725', 'PF09173', 'PF04127', 'TIGR00442', 'PF07541', 'TIGR03724', 'PF09249', 'PF13656'], 'GCN1': ['PF02005', 'TIGR00064', 'PF01269', 'PF00203', 'PF00164', 'TIGR01018', 'TIGR02153', 'PF01351', 'PF00237', 'PF01200', 'TIGR00134', 'PF01246', 'PF01194', 'TIGR00425', 'PF03947', 'PF01849', 'PF00573', 'PF01090', 'TIGR03677', 'PF00177', 'PF11987', 'PF01912', 'PF08068', 'TIGR00329', 'PF00297'], 'GCN2': ['PF00623', 'PF00276', 'PF04560', 'TIGR00468', 'PF01198', 'PF04567', 'PF03484', 'PF04997', 'PF00572', 'TIGR00422', 'PF01000', 'PF00833', 'TIGR03685', 'PF04019', 'PF03876', 'TIGR00057', 'TIGR00432', 'PF01798', 'PF01172', 'PF09377', 'PF01193', 'PF00189', 'TIGR02076', 'TIGR01046'], 'GCN3': ['PF08071', 'PF01922', 'PF06418', 'PF01191', 'PF01982', 'PF00831', 'PF00380', 'PF01192', 'PF04983', 'TIGR01213', 'PF00736', 'PF04563', 'PF01201', 'PF00900', 'PF03874', 'PF03764', 'PF08069', 'PF00238', 'PF00312', 'PF01780', 'PF00366', 'PF05221', 'PF05746', 'TIGR00522', 'PF04566', 'PF00827', 'PF00679', 'PF00749', 'PF01655', 'PF01287', 'PF01868', 'PF00832', 'PF03950', 'PF00318', 'PF04561', 'PF01157', 'PF00410', 'PF00347', 'PF13685', 'PF05000', 'PF04565', 'TIGR01080', 'PF00398', 'PF04010', 'PF00673', 'TIGR00549', 'PF01280', 'PF00562', 'PF00416'], 'GCN4': ['PF00281', 'TIGR00336', 'PF00687', 'PF01984', 'TIGR02338', 'PF00958', 'PF04919', 'PF03439', 'PF00298', 'PF00327', 'PF03719', 'PF00411', 'TIGR03683', 'PF00861', 'PF00333', 'TIGR00419', 'PF00750', 'TIGR02389', 'PF00466', 'TIGR00344', 'PF01981'], 'GCN5+': ['PF00867', 'TIGR00392', 'TIGR00670', 'TIGR00389', 'PF06026', 'TIGR03679', 'PF00752', 'PF02978', 'TIGR00289', 'TIGR00408', 'PF01015']}
SRR4342133_bins.5	{'marker lineage': 'c__Gammaproteobacteria', '# genomes': 112, '# markers': 577, '# marker sets': 287, '0': 28, '1': 539, '2': 10, '3': 0, '4': 0, '5+': 0, 'Completeness': 97.78164924506387, 'Contamination': 2.25002639636786, 'GC': 0.6057816751629577, 'GC std': 0.019419846665617062, 'Genome size': 2541305, '# ambiguous bases': 0, '# scaffolds': 47, '# contigs': 47, 'Longest scaffold': 266140, 'Longest contig': 266140, 'N50 (scaffolds)': 124997, 'N50 (contigs)': 124997, 'Mean scaffold length': 54070.31914893617, 'Mean contig length': 54070.31914893617, 'Coding density': 0.9042263718837369, 'Translation table': 11, '# predicted genes': 2525, 'GCN0': ['PF06853', 'PF04560', 'PF04983', 'PF03946', 'PF11638', 'PF05000', 'PF04565', 'PF00542', 'PF00636', 'PF00164', 'TIGR00171', 'PF00298', 'PF04563', 'PF04997', 'PF04998', 'PF00584', 'PF01264', 'TIGR00170', 'TIGR00121', 'PF00687', 'PF04561', 'PF00466', 'PF00562', 'PF00623', 'PF10385', 'PF03309', 'PF00177', 'TIGR00922'], 'GCN1': ['PF00032', 'TIGR00888', 'PF02575', 'TIGR00185', 'TIGR01084', 'PF00745', 'TIGR02515', 'TIGR03346', 'PF02367', 'TIGR00595', 'TIGR01694', 'TIGR00436', 'PF02618', 'PF00203', 'TIGR01695', 'TIGR00809', 'TIGR03426', 'PF01960', 'PF02224', 'TIGR00096', 'PF04364', 'PF04552', 'PF07943', 'PF00380', 'TIGR02796', 'PF00237', 'TIGR01133', 'PF02620', 'TIGR00473', 'PF08676', 'PF04351', 'PF08364', 'TIGR01145', 'PF04359', 'PF00627', 'TIGR00444', 'TIGR01134', 'TIGR03719', 'PF03966', 'PF00453', 'TIGR01854', 'TIGR01173', 'TIGR00078', 'TIGR00656', 'PF00075', 'PF02464', 'TIGR01750', 'PF00186', 'TIGR01055', 'PF02504', 'PF00842', 'PF01084', 'PF05190', 'PF13167', 'PF02391', 'TIGR00634', 'PF02660', 'TIGR03139', 'TIGR02939', 'PF02541', 'PF03900', 'TIGR02209', 'TIGR01683', 'TIGR00500', 'PF02601', 'TIGR00539', 'PF14450', 'TIGR00564', 'PF13742', 'PF12327', 'TIGR02393', 'TIGR00566', 'PF09312', 'PF12769', 'PF03853', 'PF01632', 'PF09424', 'TIGR00563', 'PF02033', 'PF13631', 'PF07497', 'PF05697', 'PF13603', 'PF01433', 'PF07499', 'TIGR00713', 'TIGR02071', 'PF04362', 'TIGR02432', 'PF06325', 'TIGR00884', 'TIGR01499', 'TIGR00007', 'PF13932', 'PF05491', 'PF01071', 'PF00475', 'PF00750', 'PF05164', 'PF04977', 'PF01406', 'TIGR00050', 'TIGR00163', 'TIGR03692', 'PF03840', 'PF12002', 'PF02951', 'TIGR01394', 'TIGR02521', 'PF01668', 'PF00334', 'TIGR00128', 'TIGR01072', 'TIGR00390', 'PF02617', 'PF01193', 'PF02609', 'TIGR00904', 'TIGR01816', 'PF00673', 'PF13184', 'PF01195', 'TIGR02966', 'PF01210', 'TIGR02449', 'PF09397', 'PF13090', 'TIGR03594', 'PF11967', 'PF07479', 'PF13288', 'TIGR00336', 'PF03147', 'TIGR03723', 'PF04376', 'PF00290', 'PF00625', 'PF00276', 'TIGR01474', 'PF01008', 'PF05188', 'TIGR01389', 'TIGR00928', 'PF02576', 'PF00831', 'PF13491', 'PF03872', 'PF01702', 'PF01967', 'TIGR00054', 'PF01192', 'TIGR00132', 'PF02631', 'PF14334', 'PF01765', 'PF03118', 'PF04356', 'TIGR01510', 'PF00327', 'PF01196', 'TIGR03300', 'PF00764', 'PF03484', 'PF04377', 'PF00411', 'PF09190', 'PF01256', 'TIGR00438', 'PF03726', 'PF00988', 'PF00218', 'TIGR02639', 'PF01624', 'TIGR01890', 'PF02674', 'PF04999', 'TIGR00422', 'TIGR01087', 'PF01119', 'PF01379', 'PF01000', 'PF00707', 'PF05958', 'PF02787', 'TIGR00503', 'PF01450', 'PF02381', 'TIGR02350', 'PF03899', 'TIGR00112', 'PF02768', 'TIGR00966', 'TIGR02075', 'PF03588', 'PF01176', 'PF00889', 'PF00834', 'PF02325', 'TIGR00531', 'PF04546', 'PF02955', 'PF03710', 'PF13721', 'TIGR00443', 'PF00338', 'TIGR00551', 'PF08331', 'TIGR00044', 'TIGR00987', 'PF01715', 'PF00800', 'PF00318', 'TIGR02012', 'PF01782', 'PF01043', 'PF01678', 'PF01121', 'TIGR00462', 'PF01281', 'PF01649', 'PF07991', 'PF06574', 'PF00253', 'PF02569', 'PF02606', 'TIGR00732', 'TIGR00442', 'TIGR00420', 'TIGR00482', 'PF11104', 'PF01416', 'TIGR01292', 'PF06071', 'PF00712', 'PF00731', 'PF01128', 'TIGR01298', 'TIGR02673', 'TIGR01362', 'PF00297', 'PF03461', 'PF02233', 'PF01746', 'PF02565', 'PF00113', 'PF04760', 'PF01783', 'PF01430', 'PF01250', 'PF06144', 'TIGR01083', 'PF02616', 'PF07517', 'PF04093', 'PF00013', 'TIGR00643', 'PF06418', 'PF04453', 'TIGR03533', 'PF07498', 'PF13507', 'PF09179', 'PF05195', 'PF01820', 'TIGR02968', 'PF03485', 'TIGR00358', 'TIGR00239', 'PF01808', 'TIGR01951', 'PF01255', 'PF02622', 'PF01134', 'PF02130', 'PF00163', 'TIGR01818', 'PF01964', 'PF07717', 'PF01687', 'TIGR01347', 'TIGR01749', 'PF04361', 'TIGR01942', 'PF00181', 'PF12169', 'PF01218', 'PF10410', 'PF01423', 'PF08478', 'PF08206', 'PF01795', 'TIGR01462', 'PF11808', 'TIGR00878', 'TIGR01051', 'PF02390', 'PF04898', 'TIGR00838', 'PF01472', 'PF04350', 'TIGR00234', 'PF01330', 'PF02699', 'PF02873', 'TIGR03303', 'TIGR01085', 'PF00309', 'TIGR01464', 'PF00902', 'TIGR01391', 'PF13089', 'TIGR00577', 'PF03668', 'PF04085', 'TIGR02970', 'PF01245', 'PF04551', 'PF02410', 'PF05201', 'PF00762', 'PF02401', 'TIGR01406', 'PF00829', 'TIGR01062', 'PF00828', 'PF00183', 'TIGR01081', 'PF02559', 'PF05690', 'PF02965', 'PF02542', 'PF07072', 'PF00886', 'TIGR01144', 'TIGR00561', 'TIGR02433', 'PF03947', 'PF00697', 'PF02223', 'TIGR00737', 'TIGR00707', 'TIGR01082', 'PF01725', 'PF02021', 'PF03799', 'TIGR02168', 'TIGR00653', 'PF01513', 'PF00573', 'PF00035', 'PF03948', 'PF03602', 'TIGR01574', 'PF03740', 'TIGR01850', 'PF01985', 'PF02445', 'PF01113', 'TIGR00260', 'PF02686', 'PF04079', 'PF00684', 'TIGR00244', 'TIGR01670', 'TIGR00658', 'PF06750', 'PF00830', 'PF02547', 'TIGR00593', 'PF02590', 'TIGR00154', 'PF07516', 'TIGR01356', 'TIGR02225', 'PF02978', 'PF06835', 'PF00742', 'PF01432', 'TIGR00544', 'TIGR01059', 'PF02403', 'PF00344', 'TIGR01027', 'TIGR03598', 'TIGR01966', 'PF02527', 'TIGR02394', 'TIGR00329', 'TIGR02802', 'PF12631', 'TIGR00528', 'TIGR01693', 'PF02132', 'TIGR00547', 'PF04380', 'TIGR00416', 'TIGR00421', 'PF05698', 'PF02578', 'PF00490', 'PF00281', 'PF02491', 'TIGR00064', 'PF02673', 'TIGR02801', 'TIGR03423', 'TIGR02614', 'PF08278', 'PF05198', 'PF04354', 'TIGR00392', 'PF02580', 'TIGR02203', 'PF01220', 'PF00091', 'TIGR00233', 'TIGR02063', 'PF01509', 'PF00252', 'TIGR01138', 'PF01351', 'PF02096', 'TIGR01129', 'TIGR01740', 'TIGR02211', 'PF07478', 'PF03652', 'TIGR02072', 'TIGR00499', 'PF05173', 'PF03772', 'TIGR00201', 'PF03255', 'PF02767', 'PF00709', 'TIGR03420', 'PF03719', 'PF01165', 'PF11940', 'PF13667', 'PF03979', 'PF13335', 'PF10369', 'PF08459', 'PF02637', 'PF11734', 'PF00238', 'PF00312', 'TIGR01379', 'TIGR00460', 'PF08328', 'PF00572', 'PF02167', 'TIGR00735', 'PF00861', 'PF12344', 'PF00366', 'PF12221', 'PF01628', 'TIGR00445', 'PF02938', 'TIGR00326', 'PF02684', 'TIGR01325', 'PF01018', 'TIGR02392', 'PF00471', 'TIGR00409', 'PF13567', 'TIGR01455', 'TIGR03188', 'PF00333', 'PF04052', 'PF03331', 'TIGR00020', 'TIGR00214', 'TIGR01079', 'PF02843', 'TIGR03317', 'TIGR02800', 'PF02503', 'PF10458', 'PF02934', 'PF10396', 'TIGR02795', 'PF01409', 'PF00478', 'PF02844', 'TIGR03821', 'TIGR01245', 'TIGR02665', 'PF04186', 'PF04386', 'PF01975', 'PF01027', 'TIGR03002', 'PF00410', 'TIGR01143', 'PF00121', 'PF04127', 'TIGR01982', 'PF13484', 'PF11987', 'PF00885', 'TIGR00742', 'PF05237', 'PF00347', 'TIGR00508', 'PF04262', 'PF03483', 'PF11898', 'PF02912', 'PF04963', 'PF08032', 'TIGR00344', 'TIGR00393', 'TIGR02188', 'PF09157', 'PF00189', 'PF04390', 'PF02075', 'PF02091', 'TIGR01075', 'TIGR03725', 'PF08529', 'PF01142', 'TIGR00347', 'TIGR02210', 'TIGR00019', 'PF00162', 'PF01761', 'PF12626', 'TIGR00515', 'PF01016', 'PF02670', 'PF00416', 'PF08436', 'PF06421', 'PF02092'], 'GCN2': ['TIGR01418', 'TIGR01135', 'TIGR00418', 'PF01386', 'PF09976', 'PF00398', 'PF00815', 'PF04166', 'TIGR01496', 'PF01259'], 'GCN3': [], 'GCN4': [], 'GCN5+': []}
SRR4342133_bins.8	{'marker lineage': 'k__Bacteria', '# genomes': 2921, '# markers': 142, '# marker sets': 87, '0': 3, '1': 139, '2': 0, '3': 0, '4': 0, '5+': 0, 'Completeness': 97.63353617308992, 'Contamination': 0.0, 'GC': 0.6818996831951594, 'GC std': 0.017059506075907536, 'Genome size': 3595589, '# ambiguous bases': 0, '# scaffolds': 242, '# contigs': 242, 'Longest scaffold': 65839, 'Longest contig': 65839, 'N50 (scaffolds)': 22070, 'N50 (contigs)': 22070, 'Mean scaffold length': 14857.805785123966, 'Mean contig length': 14857.805785123966, 'Coding density': 0.8980559235218486, 'Translation table': 11, '# predicted genes': 2900, 'GCN0': ['PF00253', 'PF01330', 'TIGR01085'], 'GCN1': ['TIGR03263', 'TIGR00595', 'PF02367', 'PF00203', 'PF04560', 'PF00380', 'PF00237', 'PF04983', 'PF00627', 'PF03946', 'PF00453', 'TIGR00575', 'PF01084', 'PF02033', 'PF05697', 'PF13603', 'TIGR02432', 'PF13932', 'PF05491', 'PF00750', 'PF05000', 'PF04565', 'PF01668', 'PF01193', 'PF00673', 'PF13184', 'PF01195', 'TIGR03594', 'TIGR00418', 'PF03147', 'TIGR03723', 'PF00276', 'PF01386', 'PF00164', 'PF00831', 'TIGR00615', 'PF01765', 'PF00298', 'PF01196', 'PF03484', 'PF04563', 'PF00411', 'PF03726', 'PF04997', 'PF01000', 'TIGR02350', 'PF02768', 'PF04998', 'TIGR02075', 'PF00889', 'PF00338', 'TIGR00755', 'PF00318', 'TIGR02012', 'PF01121', 'PF01281', 'PF01649', 'PF06574', 'TIGR00442', 'PF06071', 'PF00297', 'PF01746', 'PF04760', 'PF01250', 'PF06418', 'PF00687', 'PF03485', 'TIGR01951', 'PF02130', 'PF00163', 'PF01687', 'PF00181', 'PF01795', 'PF02699', 'PF02873', 'TIGR02397', 'PF01245', 'PF02410', 'PF00829', 'PF00828', 'PF00886', 'PF03947', 'PF00573', 'PF00035', 'PF03948', 'PF04561', 'PF00684', 'PF00830', 'TIGR00593', 'PF07516', 'PF02978', 'PF00466', 'TIGR01059', 'PF02403', 'PF00344', 'TIGR00435', 'TIGR00329', 'PF12631', 'PF00562', 'PF00281', 'TIGR00064', 'PF00623', 'TIGR00392', 'PF01509', 'PF00252', 'PF02096', 'PF03652', 'PF03719', 'PF08459', 'PF00238', 'PF00312', 'TIGR00460', 'PF00572', 'PF00861', 'PF00366', 'PF12344', 'TIGR01063', 'PF02938', 'PF01018', 'PF00471', 'PF00333', 'TIGR00020', 'TIGR01079', 'PF01409', 'PF10385', 'PF00177', 'PF00410', 'PF11987', 'PF00347', 'PF02912', 'TIGR00344', 'PF00189', 'PF02075', 'PF08529', 'TIGR00019', 'PF01016', 'TIGR00922', 'PF00416', 'PF06421'], 'GCN2': [], 'GCN3': [], 'GCN4': [], 'GCN5+': []}
